{
  "experiment": "EXP-004",
  "timestamp": "2026-05-25T01:49:00.125901+00:00",
  "scalability": [
    {
      "format": "json",
      "target_mb": 1,
      "text_bytes": 1078018,
      "cdxf_bytes": 860834,
      "ratio": 0.7985,
      "gzip_text": 71489,
      "gzip_cdxf": 71938,
      "zstd_text": 58866,
      "zstd_cdxf": 61184,
      "encode": {
        "n": 20,
        "median_s": 0.017561,
        "mean_s": 0.01757,
        "std_s": 0.000728,
        "ci95_lower_s": 0.017251,
        "ci95_upper_s": 0.017889
      },
      "decode": {
        "n": 20,
        "median_s": 0.029342,
        "mean_s": 0.029409,
        "std_s": 0.000767,
        "ci95_lower_s": 0.029073,
        "ci95_upper_s": 0.029746
      },
      "encode_mb_s": 61.39,
      "decode_mb_s": 29.34,
      "fidelity": true
    },
    {
      "format": "yaml",
      "target_mb": 1,
      "text_bytes": 1055336,
      "cdxf_bytes": 822274,
      "ratio": 0.7792,
      "gzip_text": 82071,
      "gzip_cdxf": 77784,
      "zstd_text": 40955,
      "zstd_cdxf": 54768,
      "encode": {
        "n": 10,
        "median_s": 0.0227,
        "mean_s": 0.022724,
        "std_s": 0.000485,
        "ci95_lower_s": 0.022423,
        "ci95_upper_s": 0.023024
      },
      "decode": {
        "n": 10,
        "median_s": 0.036991,
        "mean_s": 0.037149,
        "std_s": 0.000529,
        "ci95_lower_s": 0.036821,
        "ci95_upper_s": 0.037477
      },
      "encode_mb_s": 46.49,
      "decode_mb_s": 22.23,
      "fidelity": true
    },
    {
      "format": "xml",
      "target_mb": 1,
      "text_bytes": 1067441,
      "cdxf_bytes": 1049470,
      "ratio": 0.9832,
      "gzip_text": 62414,
      "gzip_cdxf": 65303,
      "zstd_text": 44021,
      "zstd_cdxf": 32352,
      "encode": {
        "n": 20,
        "median_s": 0.049295,
        "mean_s": 0.050016,
        "std_s": 0.002064,
        "ci95_lower_s": 0.049112,
        "ci95_upper_s": 0.050921
      },
      "decode": {
        "n": 20,
        "median_s": 0.057146,
        "mean_s": 0.057723,
        "std_s": 0.002215,
        "ci95_lower_s": 0.056753,
        "ci95_upper_s": 0.058694
      },
      "encode_mb_s": 21.65,
      "decode_mb_s": 18.36,
      "fidelity": true
    },
    {
      "format": "toml",
      "target_mb": 1,
      "text_bytes": 1053209,
      "cdxf_bytes": 805284,
      "ratio": 0.7646,
      "gzip_text": 99019,
      "gzip_cdxf": 96214,
      "zstd_text": 45136,
      "zstd_cdxf": 65668,
      "encode": {
        "n": 10,
        "median_s": 0.022897,
        "mean_s": 0.023198,
        "std_s": 0.001613,
        "ci95_lower_s": 0.022198,
        "ci95_upper_s": 0.024198
      },
      "decode": {
        "n": 10,
        "median_s": 0.034896,
        "mean_s": 0.035107,
        "std_s": 0.000867,
        "ci95_lower_s": 0.03457,
        "ci95_upper_s": 0.035645
      },
      "encode_mb_s": 46.0,
      "decode_mb_s": 23.08,
      "fidelity": true
    },
    {
      "format": "json",
      "target_mb": 10,
      "text_bytes": 10497509,
      "cdxf_bytes": 8309934,
      "ratio": 0.7916,
      "gzip_text": 680727,
      "gzip_cdxf": 690146,
      "zstd_text": 421665,
      "zstd_cdxf": 418851,
      "encode": {
        "n": 20,
        "median_s": 0.195692,
        "mean_s": 0.195329,
        "std_s": 0.002449,
        "ci95_lower_s": 0.194256,
        "ci95_upper_s": 0.196403
      },
      "decode": {
        "n": 20,
        "median_s": 0.330723,
        "mean_s": 0.331955,
        "std_s": 0.004252,
        "ci95_lower_s": 0.330091,
        "ci95_upper_s": 0.333819
      },
      "encode_mb_s": 53.64,
      "decode_mb_s": 25.13,
      "fidelity": true
    },
    {
      "format": "yaml",
      "target_mb": 10,
      "text_bytes": 10497874,
      "cdxf_bytes": 8107524,
      "ratio": 0.7723,
      "gzip_text": 798246,
      "gzip_cdxf": 760774,
      "zstd_text": 535578,
      "zstd_cdxf": 481374,
      "encode": {
        "n": 5,
        "median_s": 0.265838,
        "mean_s": 0.267937,
        "std_s": 0.005921,
        "ci95_lower_s": 0.262746,
        "ci95_upper_s": 0.273127
      },
      "decode": {
        "n": 5,
        "median_s": 0.407891,
        "mean_s": 0.411071,
        "std_s": 0.005172,
        "ci95_lower_s": 0.406538,
        "ci95_upper_s": 0.415605
      },
      "encode_mb_s": 39.49,
      "decode_mb_s": 19.88,
      "fidelity": true
    },
    {
      "format": "xml",
      "target_mb": 10,
      "text_bytes": 10485972,
      "cdxf_bytes": 10311500,
      "ratio": 0.9834,
      "gzip_text": 603181,
      "gzip_cdxf": 624389,
      "zstd_text": 383918,
      "zstd_cdxf": 279478,
      "encode": {
        "n": 20,
        "median_s": 0.549342,
        "mean_s": 0.552245,
        "std_s": 0.007332,
        "ci95_lower_s": 0.549031,
        "ci95_upper_s": 0.555458
      },
      "decode": {
        "n": 20,
        "median_s": 0.601705,
        "mean_s": 0.601791,
        "std_s": 0.007038,
        "ci95_lower_s": 0.598707,
        "ci95_upper_s": 0.604876
      },
      "encode_mb_s": 19.09,
      "decode_mb_s": 17.14,
      "fidelity": true
    },
    {
      "format": "toml",
      "target_mb": 10,
      "text_bytes": 10499940,
      "cdxf_bytes": 7950114,
      "ratio": 0.7572,
      "gzip_text": 965140,
      "gzip_cdxf": 951883,
      "zstd_text": 503387,
      "zstd_cdxf": 578432,
      "encode": {
        "n": 5,
        "median_s": 0.256465,
        "mean_s": 0.256645,
        "std_s": 0.00169,
        "ci95_lower_s": 0.255164,
        "ci95_upper_s": 0.258127
      },
      "decode": {
        "n": 5,
        "median_s": 0.372542,
        "mean_s": 0.372551,
        "std_s": 0.001354,
        "ci95_lower_s": 0.371364,
        "ci95_upper_s": 0.373737
      },
      "encode_mb_s": 40.94,
      "decode_mb_s": 21.34,
      "fidelity": true
    }
  ],
  "compression_analysis": {
    "json": {
      "n": 30,
      "gzip_text": {
        "median": 0.5246,
        "mean": 0.6485
      },
      "gzip_cdxf": {
        "median": 0.4833,
        "mean": 0.6003
      },
      "zstd_text": {
        "median": 0.5475,
        "mean": 0.5951
      },
      "zstd_cdxf": {
        "median": 0.4829,
        "mean": 0.5441
      }
    },
    "yaml": {
      "n": 5,
      "gzip_text": {
        "median": 0.2231,
        "mean": 0.3061
      },
      "gzip_cdxf": {
        "median": 0.2313,
        "mean": 0.3074
      },
      "zstd_text": {
        "median": 0.1676,
        "mean": 0.2715
      },
      "zstd_cdxf": {
        "median": 0.2231,
        "mean": 0.2794
      }
    },
    "xml": {
      "n": 4,
      "gzip_text": {
        "median": 0.1246,
        "mean": 0.2083
      },
      "gzip_cdxf": {
        "median": 0.1311,
        "mean": 0.2145
      },
      "zstd_text": {
        "median": 0.0706,
        "mean": 0.1792
      },
      "zstd_cdxf": {
        "median": 0.0942,
        "mean": 0.1953
      }
    },
    "toml": {
      "n": 4,
      "gzip_text": {
        "median": 0.4358,
        "mean": 0.3734
      },
      "gzip_cdxf": {
        "median": 0.3783,
        "mean": 0.3318
      },
      "zstd_text": {
        "median": 0.456,
        "mean": 0.3784
      },
      "zstd_cdxf": {
        "median": 0.3871,
        "mean": 0.338
      }
    }
  },
  "decode_summary": {
    "cdxf_full": {
      "median_ops_s": 57412.649999999994,
      "n": 30
    },
    "cdxf_codec": {
      "median_ops_s": 85181.95000000001,
      "n": 30
    },
    "json_stdlib": {
      "median_ops_s": 434782.6,
      "n": 30
    },
    "cbor": {
      "median_ops_s": 590277.8,
      "n": 30
    },
    "msgpack": {
      "median_ops_s": 1055555.55,
      "n": 30
    },
    "bson": {
      "median_ops_s": 871212.1000000001,
      "n": 28
    },
    "ion": {
      "median_ops_s": 101893.4,
      "n": 30
    }
  }
}